First Last,First,Last,Company,Domain
Alexander Haag,Alexander,Haag,Brighthouse Inc.,www.brighthouse.ca
Lawrence Magen,Lawrence,Magen,"Matthews Media Group, Inc.",www.mmgct.com
José Esteva,José,Esteva,Admarca,www.admarca.it
Angela Vargas,Angela,Vargas,Platino Media,www.platinomedia.com
Ignacio Isidro,Ignacio,Isidro,Comunica Marketing Online,www.comunicamarketing.net
